,antecedents,consequents,antecedent support,consequent support,support,confidence,lift,leverage,conviction
2,"frozenset({'黄渤', '徐峥'})",frozenset({'宁浩'}),0.09278350515463918,0.07216494845360824,0.061855670103092786,0.6666666666666666,9.238095238095239,0.05515995323626315,2.783505154639175
5,frozenset({'宁浩'}),"frozenset({'黄渤', '徐峥'})",0.07216494845360824,0.09278350515463918,0.061855670103092786,0.8571428571428572,9.238095238095239,0.05515995323626315,6.350515463917529
3,"frozenset({'宁浩', '徐峥'})",frozenset({'黄渤'}),0.061855670103092786,0.15463917525773196,0.061855670103092786,1.0,6.466666666666667,0.05229036029333617,inf
4,frozenset({'黄渤'}),"frozenset({'宁浩', '徐峥'})",0.15463917525773196,0.061855670103092786,0.061855670103092786,0.4,6.466666666666667,0.05229036029333617,1.563573883161512
6,frozenset({'黄渤'}),frozenset({'王迅'}),0.15463917525773196,0.05154639175257732,0.05154639175257732,0.3333333333333333,6.466666666666667,0.04357530024444681,1.4226804123711339
7,frozenset({'王迅'}),frozenset({'黄渤'}),0.05154639175257732,0.15463917525773196,0.05154639175257732,1.0,6.466666666666667,0.04357530024444681,inf
0,frozenset({'黄渤'}),frozenset({'宁浩'}),0.15463917525773196,0.07216494845360824,0.061855670103092786,0.4,5.542857142857144,0.05069614199171007,1.5463917525773196
1,frozenset({'宁浩'}),frozenset({'黄渤'}),0.07216494845360824,0.15463917525773196,0.061855670103092786,0.8571428571428572,5.542857142857143,0.05069614199171007,5.917525773195879
